[{"trip_id":1,
"trip_title":"Une semaine à New-York",
"trip_departure":"Lille",
"trip_destination":"New-York",
"trip_stay_length":7,
"trip_price":1499.0,
"trip_description":"Welcome to New York ! La ville qui ne dort jamais. La ville où tout est grand. Forte de ses influences tant nord-américaines qu'européennes, cette ville reflète encore son passé du début du 20e siècle mais ses nouveaux buildings la projettent bien dans le 21e siècle."},

{"trip_id":2,"trip_title":"Ryad Park Marrakech",
"trip_departure":"Paris",
"trip_destination":"Marrakech",
"trip_stay_length":15,
"trip_price":1190.0,
"trip_description":"Au coeur d'un superbe jardin tropical dans le nord de Marrakech, le Ryad Park Marrakech a des airs d'oasis dans la ville. Palmiers et fleurs exotiques un peu partout, une superbe piscine de 1200 m² pour se rafraîchir, l'architecture à la fois moderne et inspirée du style traditionnel marocain, des vues inoubliables sur la cordillère de l'Atlas et tout le confort d'un hôtel 4*... Posez vos valises dans un véritable havre de tranquillité à Marrakech."},

{"trip_id":3,"trip_title":"Sous les tropiques",
"trip_departure":"Paris",
"trip_destination":"La Réunion",
"trip_stay_length":10,
"trip_price":2395.0,
"trip_description":"Au cœur de la station balnéaire de Saint-Gilles Les Bains La proximité du lagon via un accès piéton La liberté d'une formule appartement avec les services d'un hôtel Sa piscine chauffée en hiver."},

{"trip_id":4,"trip_title":"Voyage Aventure !",
"trip_departure":"Strasbourg",
"trip_destination":"Tchernobyl",
"trip_stay_length":3,
"trip_price":1299.0,
"trip_description":"Un voyage au coeur de la zone interdite. Sensations garanties !"},
    
{"trip_id":5,"trip_title":"Une semaine à Athènes",
"trip_departure":"Marseille","trip_destination":"Athènes",
"trip_stay_length":7,
"trip_price":999.0,
"trip_description":"Partir à Athènes, c’est l’assurance d’avoir de nombreuses choses à voir ou à visiter. En effet, la capitale grecque offre certains des plus beaux monuments et attractions culturelles du monde, mais la ville réserve également de nombreuses surprises à ses visiteurs !"}]